GROUP,PACKAGE,CLASS,INSTRUCTION_MISSED,INSTRUCTION_COVERED,BRANCH_MISSED,BRANCH_COVERED,LINE_MISSED,LINE_COVERED,COMPLEXITY_MISSED,COMPLEXITY_COVERED,METHOD_MISSED,METHOD_COVERED
Cryptomator Desktop App,org.cryptomator.ui.lock,LockFailedController,17,0,0,0,7,0,3,0,3,0
Cryptomator Desktop App,org.cryptomator.ui.lock,LockForcedController,61,0,0,0,18,0,7,0,7,0
Cryptomator Desktop App,org.cryptomator.ui.lock,LockComponent,10,0,0,0,3,0,1,0,1,0
Cryptomator Desktop App,org.cryptomator.ui.lock,LockWorkflow,205,0,4,0,49,0,12,0,10,0
Cryptomator Desktop App,org.cryptomator.ui.lock,LockModule,46,0,2,0,13,0,7,0,6,0
Cryptomator Desktop App,org.cryptomator.launcher,Cryptomator.MainApp,26,0,0,0,10,0,3,0,3,0
Cryptomator Desktop App,org.cryptomator.launcher,SupportedLanguages,71,180,2,0,17,2,5,1,4,1
Cryptomator Desktop App,org.cryptomator.launcher,AppLaunchEvent.EventType,0,15,0,0,0,3,0,1,0,1
Cryptomator Desktop App,org.cryptomator.launcher,AppLaunchEvent,0,9,0,0,0,1,0,1,0,1
Cryptomator Desktop App,org.cryptomator.launcher,Cryptomator,219,0,10,0,53,0,11,0,6,0
Cryptomator Desktop App,org.cryptomator.launcher,IpcMessageHandler,41,0,0,0,10,0,5,0,5,0
Cryptomator Desktop App,org.cryptomator.launcher,FileOpenRequestHandler,17,70,2,6,4,21,3,8,1,6
Cryptomator Desktop App,org.cryptomator.launcher,CryptomatorModule,17,0,0,0,6,0,6,0,6,0
Cryptomator Desktop App,org.cryptomator.ipc,IpcCommunicator,28,51,1,3,11,13,3,4,2,3
Cryptomator Desktop App,org.cryptomator.ipc,Server,38,79,3,3,17,27,5,7,3,6
Cryptomator Desktop App,org.cryptomator.ipc,HandleLaunchArgsMessage,0,34,0,0,0,7,0,4,0,4
Cryptomator Desktop App,org.cryptomator.ipc,IpcMessageListener,7,18,1,1,1,3,1,1,0,1
Cryptomator Desktop App,org.cryptomator.ipc,LoopbackCommunicator,16,41,0,0,7,15,1,7,1,7
Cryptomator Desktop App,org.cryptomator.ipc,RevealRunningAppMessage,0,12,0,0,0,4,0,4,0,4
Cryptomator Desktop App,org.cryptomator.ipc,IpcMessage.MessageType,8,35,0,0,2,8,0,4,0,4
Cryptomator Desktop App,org.cryptomator.ipc,IpcMessage,0,75,0,4,0,20,0,4,0,2
Cryptomator Desktop App,org.cryptomator.ipc,Client,32,41,2,0,13,15,4,6,3,6
Cryptomator Desktop App,org.cryptomator.ui.stats,VaultStatisticsController,300,0,0,0,60,0,32,0,32,0
Cryptomator Desktop App,org.cryptomator.ui.stats,VaultStatisticsController.IoSamplingAnimationHandler,242,0,2,0,36,0,3,0,2,0
Cryptomator Desktop App,org.cryptomator.ui.stats,VaultStatisticsModule,57,0,0,0,10,0,5,0,5,0
Cryptomator Desktop App,org.cryptomator.ui.stats,VaultStatisticsModule.new ChangeListener() {...},22,0,4,0,7,0,4,0,2,0
Cryptomator Desktop App,org.cryptomator.ui.stats,VaultStatisticsComponent,16,0,0,0,6,0,1,0,1,0
Cryptomator Desktop App,org.cryptomator.ui.preferences,GeneralPreferencesController.NamedServiceConverter,11,0,2,0,4,0,3,0,2,0
Cryptomator Desktop App,org.cryptomator.ui.preferences,GeneralPreferencesController.KeychainProviderDisplayNameConverter,11,0,2,0,4,0,3,0,2,0
Cryptomator Desktop App,org.cryptomator.ui.preferences,PreferencesController,126,0,11,0,33,0,17,0,9,0
Cryptomator Desktop App,org.cryptomator.ui.preferences,UpdatesPreferencesController,286,0,12,0,60,0,29,0,23,0
Cryptomator Desktop App,org.cryptomator.ui.preferences,InterfacePreferencesController,174,0,10,0,35,0,13,0,8,0
Cryptomator Desktop App,org.cryptomator.ui.preferences,GeneralPreferencesController.ServiceToSettingsConverter,34,0,4,0,9,0,6,0,4,0
Cryptomator Desktop App,org.cryptomator.ui.preferences,PreferencesModule,29,0,0,0,7,0,5,0,5,0
Cryptomator Desktop App,org.cryptomator.ui.preferences,InterfacePreferencesController.LanguageTagConverter,23,0,2,0,8,0,4,0,3,0
Cryptomator Desktop App,org.cryptomator.ui.preferences,InterfacePreferencesController.UiThemeConverter,16,0,0,0,5,0,3,0,3,0
Cryptomator Desktop App,org.cryptomator.ui.preferences,VolumePreferencesController.MountServiceConverter,21,0,2,0,5,0,4,0,3,0
Cryptomator Desktop App,org.cryptomator.ui.preferences,SelectedPreferencesTab,45,0,0,0,8,0,1,0,1,0
Cryptomator Desktop App,org.cryptomator.ui.preferences,VolumePreferencesController,297,0,16,0,45,0,32,0,24,0
Cryptomator Desktop App,org.cryptomator.ui.preferences,SupporterCertificateController,73,0,4,0,20,0,8,0,6,0
Cryptomator Desktop App,org.cryptomator.ui.preferences,PreferencesComponent,25,0,0,0,8,0,1,0,1,0
Cryptomator Desktop App,org.cryptomator.ui.preferences,GeneralPreferencesController,240,0,6,0,46,0,13,0,10,0
Cryptomator Desktop App,org.cryptomator.ui.preferences,AboutController,59,0,0,0,14,0,6,0,6,0
Cryptomator Desktop App,org.cryptomator.ui.removevault,RemoveVaultComponent,14,0,0,0,5,0,1,0,1,0
Cryptomator Desktop App,org.cryptomator.ui.removevault,RemoveVaultModule,41,0,0,0,9,0,4,0,4,0
Cryptomator Desktop App,org.cryptomator.ui.removevault,RemoveVaultController,36,0,0,0,12,0,4,0,4,0
Cryptomator Desktop App,org.cryptomator.ui.error,ErrorModule,31,0,0,0,7,0,5,0,5,0
Cryptomator Desktop App,org.cryptomator.ui.error,ErrorComponent,11,0,0,0,4,0,1,0,1,0
Cryptomator Desktop App,org.cryptomator.ui.error,ErrorController,356,161,16,22,77,36,31,18,22,8
Cryptomator Desktop App,org.cryptomator.ui.error,ErrorDiscussion,0,3,0,0,0,1,0,1,0,1
Cryptomator Desktop App,org.cryptomator.ui.error,ErrorController.new TypeReference() {...},3,0,0,0,1,0,1,0,1,0
Cryptomator Desktop App,org.cryptomator.ui.error,ErrorDiscussion.Answer,0,3,0,0,0,1,0,1,0,1
Cryptomator Desktop App,org.cryptomator.ui.keyloading.hub,LegacyRegisterDeviceController,301,0,8,0,72,0,20,0,16,0
Cryptomator Desktop App,org.cryptomator.ui.keyloading.hub,RegisterFailedController,18,0,0,0,7,0,2,0,2,0
Cryptomator Desktop App,org.cryptomator.ui.keyloading.hub,ReceivedKey,19,0,0,0,4,0,4,0,4,0
Cryptomator Desktop App,org.cryptomator.ui.keyloading.hub,HubConfig,28,10,4,0,5,3,4,2,2,2
Cryptomator Desktop App,org.cryptomator.ui.keyloading.hub,LegacyRegisterSuccessController,10,0,0,0,5,0,2,0,2,0
Cryptomator Desktop App,org.cryptomator.ui.keyloading.hub,JWEHelper,41,213,3,7,12,45,3,12,0,10
Cryptomator Desktop App,org.cryptomator.ui.keyloading.hub,NoKeychainController,22,0,0,0,9,0,3,0,3,0
Cryptomator Desktop App,org.cryptomator.ui.keyloading.hub,ReceiveKeyController,536,0,19,0,138,0,38,0,25,0
Cryptomator Desktop App,org.cryptomator.ui.keyloading.hub,UnauthorizedDeviceController,25,0,0,0,9,0,3,0,3,0
Cryptomator Desktop App,org.cryptomator.ui.keyloading.hub,AuthFlowContext,6,0,0,0,1,0,1,0,1,0
Cryptomator Desktop App,org.cryptomator.ui.keyloading.hub,ReceiveKeyController.DeviceDto,6,0,0,0,1,0,1,0,1,0
Cryptomator Desktop App,org.cryptomator.ui.keyloading.hub,JWEHelper.InvalidJweKeyException,0,5,0,0,0,2,0,1,0,1
Cryptomator Desktop App,org.cryptomator.ui.keyloading.hub,HubConfig.URIProcessors,19,10,2,0,3,2,2,1,1,1
Cryptomator Desktop App,org.cryptomator.ui.keyloading.hub,ReceiveKeyController.ConfigDto,6,0,0,0,1,0,1,0,1,0
Cryptomator Desktop App,org.cryptomator.ui.keyloading.hub,JWEHelper.KeyDecodeFailedException,5,0,0,0,2,0,1,0,1,0
Cryptomator Desktop App,org.cryptomator.ui.keyloading.hub,AuthFlowTask.NotOkResponseException,4,0,0,0,2,0,1,0,1,0
Cryptomator Desktop App,org.cryptomator.ui.keyloading.hub,InvalidLicenseController,10,0,0,0,5,0,2,0,2,0
Cryptomator Desktop App,org.cryptomator.ui.keyloading.hub,RegisterSuccessController,38,0,0,0,12,0,3,0,3,0
Cryptomator Desktop App,org.cryptomator.ui.keyloading.hub,RequireAccountInitController,44,0,0,0,14,0,4,0,4,0
Cryptomator Desktop App,org.cryptomator.ui.keyloading.hub,LegacyRegisterDeviceController.CreateDeviceDto,6,0,0,0,2,0,1,0,1,0
Cryptomator Desktop App,org.cryptomator.ui.keyloading.hub,DeviceAlreadyExistsException,4,0,0,0,2,0,1,0,1,0
Cryptomator Desktop App,org.cryptomator.ui.keyloading.hub,AuthFlowTask,82,0,2,0,16,0,4,0,3,0
Cryptomator Desktop App,org.cryptomator.ui.keyloading.hub,RegisterDeviceController.CreateDeviceDto,21,0,0,0,1,0,1,0,1,0
Cryptomator Desktop App,org.cryptomator.ui.keyloading.hub,HubKeyLoadingModule,107,0,0,0,23,0,18,0,18,0
Cryptomator Desktop App,org.cryptomator.ui.keyloading.hub,RegisterDeviceController,629,0,23,0,130,0,32,0,20,0
Cryptomator Desktop App,org.cryptomator.ui.keyloading.hub,RegisterDeviceController.UserDto,18,0,0,0,1,0,1,0,1,0
Cryptomator Desktop App,org.cryptomator.ui.keyloading.hub,AuthFlowController,145,0,2,0,39,0,11,0,10,0
Cryptomator Desktop App,org.cryptomator.ui.keyloading.hub,HubKeyLoadingStrategy,158,0,4,0,39,0,7,0,5,0
Cryptomator Desktop App,org.cryptomator.ui.sharevault,ShareVaultModule,30,0,0,0,8,0,4,0,4,0
Cryptomator Desktop App,org.cryptomator.ui.sharevault,ShareVaultController,112,0,6,0,24,0,11,0,8,0
Cryptomator Desktop App,org.cryptomator.ui.sharevault,ShareVaultComponent,12,0,0,0,4,0,1,0,1,0
Cryptomator Desktop App,org.cryptomator.ui.fxapp,AutoUnlocker,157,0,4,0,32,0,18,0,16,0
Cryptomator Desktop App,org.cryptomator.ui.fxapp,FxApplicationStyle,203,0,21,0,58,0,25,0,13,0
Cryptomator Desktop App,org.cryptomator.ui.fxapp,FxApplicationTerminator,234,0,22,0,61,0,20,0,9,0
Cryptomator Desktop App,org.cryptomator.ui.fxapp,FxApplicationTerminator.NoopQuitResponse,2,0,0,0,2,0,2,0,2,0
Cryptomator Desktop App,org.cryptomator.ui.fxapp,UpdateCheckerTask,110,0,16,0,22,0,13,0,5,0
Cryptomator Desktop App,org.cryptomator.ui.fxapp,FxApplication,174,0,18,0,49,0,15,0,6,0
Cryptomator Desktop App,org.cryptomator.ui.fxapp,ExitingQuitResponse,15,0,0,0,6,0,3,0,3,0
Cryptomator Desktop App,org.cryptomator.ui.fxapp,UpdateChecker.UpdateCheckState,27,0,0,0,5,0,1,0,1,0
Cryptomator Desktop App,org.cryptomator.ui.fxapp,AppLaunchEventHandler,121,0,11,0,37,0,13,0,7,0
Cryptomator Desktop App,org.cryptomator.ui.fxapp,UpdateCheckerModule.1.new Task() {...},8,0,0,0,2,0,2,0,2,0
Cryptomator Desktop App,org.cryptomator.ui.fxapp,FxApplicationWindows,344,4,16,0,64,1,37,1,29,1
Cryptomator Desktop App,org.cryptomator.ui.fxapp,UpdateChecker,190,0,10,0,49,0,21,0,16,0
Cryptomator Desktop App,org.cryptomator.ui.fxapp,UpdateCheckerModule,95,0,0,0,24,0,7,0,7,0
Cryptomator Desktop App,org.cryptomator.ui.fxapp,UpdateCheckerModule.new ScheduledService() {...},28,0,2,0,4,0,3,0,2,0
Cryptomator Desktop App,org.cryptomator.ui.fxapp,FxApplicationModule,26,0,0,0,7,0,6,0,6,0
Cryptomator Desktop App,org.cryptomator.common,LicenseHolder,91,0,4,0,23,0,9,0,7,0
Cryptomator Desktop App,org.cryptomator.common,CatchingExecutors,84,0,12,0,27,0,14,0,8,0
Cryptomator Desktop App,org.cryptomator.common,ObservableUtil,48,0,4,0,9,0,7,0,5,0
Cryptomator Desktop App,org.cryptomator.common,LicenseChecker,18,42,1,1,5,11,1,3,0,3
Cryptomator Desktop App,org.cryptomator.common,CatchingExecutors.CatchingScheduledThreadPoolExecutor,43,0,0,0,9,0,6,0,6,0
Cryptomator Desktop App,org.cryptomator.common,ShutdownHook.OrderedTask,29,0,4,0,11,0,5,0,3,0
Cryptomator Desktop App,org.cryptomator.common,SubstitutingProperties.Source,0,15,0,0,0,3,0,1,0,1
Cryptomator Desktop App,org.cryptomator.common,Constants,0,7,0,0,0,2,0,1,0,1
Cryptomator Desktop App,org.cryptomator.common,Passphrase,4,249,3,29,0,36,3,24,0,11
Cryptomator Desktop App,org.cryptomator.common,Environment.new Object() {...},3,5,0,0,1,1,1,1,1,1
Cryptomator Desktop App,org.cryptomator.common,ErrorCode,3,224,1,13,1,33,1,19,0,13
Cryptomator Desktop App,org.cryptomator.common,SemVerComparator,0,121,0,12,0,32,0,10,0,4
Cryptomator Desktop App,org.cryptomator.common,ShutdownHook,69,0,2,0,19,0,6,0,5,0
Cryptomator Desktop App,org.cryptomator.common,PropertiesDecorator,239,6,0,0,46,3,45,1,45,1
Cryptomator Desktop App,org.cryptomator.common,CommonsModule,155,0,0,0,35,0,14,0,14,0
Cryptomator Desktop App,org.cryptomator.common,Environment,111,89,1,1,30,17,12,13,11,13
Cryptomator Desktop App,org.cryptomator.common,CatchingExecutors.CatchingThreadPoolExecutor,17,0,0,0,5,0,2,0,2,0
Cryptomator Desktop App,org.cryptomator.common,SubstitutingProperties,10,103,2,13,2,23,2,14,0,7
Cryptomator Desktop App,org.cryptomator.common.mount,ConflictingMountServiceException,4,0,0,0,2,0,1,0,1,0
Cryptomator Desktop App,org.cryptomator.common.mount,IllegalMountPointException,10,7,0,0,3,3,2,1,2,1
Cryptomator Desktop App,org.cryptomator.common.mount,Mounter.MountHandle,12,0,0,0,1,0,1,0,1,0
Cryptomator Desktop App,org.cryptomator.common.mount,MountPointInUseException,4,0,0,0,2,0,1,0,1,0
Cryptomator Desktop App,org.cryptomator.common.mount,MountPointCleanupFailedException,7,0,0,0,2,0,1,0,1,0
Cryptomator Desktop App,org.cryptomator.common.mount,MountModule,38,0,0,0,6,0,6,0,6,0
Cryptomator Desktop App,org.cryptomator.common.mount,MountPointNotSupportedException,5,0,0,0,2,0,1,0,1,0
Cryptomator Desktop App,org.cryptomator.common.mount,MountWithinParentUtil.MountPointState,0,21,0,0,0,4,0,1,0,1
Cryptomator Desktop App,org.cryptomator.common.mount,MountPointNotEmptyDirectoryException,0,5,0,0,0,2,0,1,0,1
Cryptomator Desktop App,org.cryptomator.common.mount,Mounter,128,0,2,0,23,0,6,0,5,0
Cryptomator Desktop App,org.cryptomator.common.mount,MountWithinParentUtil,107,202,15,25,26,52,12,18,0,10
Cryptomator Desktop App,org.cryptomator.common.mount,HideawayNotDirectoryException,3,12,0,0,1,3,1,1,1,1
Cryptomator Desktop App,org.cryptomator.common.mount,WindowsDriveLetters,89,0,6,0,16,0,12,0,9,0
Cryptomator Desktop App,org.cryptomator.common.mount,MountPointNotExistingException,5,7,0,0,2,2,1,1,1,1
Cryptomator Desktop App,org.cryptomator.common.mount,Mounter.SettledMounter,313,0,62,0,59,0,39,0,5,0
Cryptomator Desktop App,org.cryptomator.ui.forgetpassword,ForgetPasswordController,63,0,2,0,20,0,5,0,4,0
Cryptomator Desktop App,org.cryptomator.ui.forgetpassword,ForgetPasswordComponent,32,0,0,0,7,0,2,0,2,0
Cryptomator Desktop App,org.cryptomator.ui.forgetpassword,ForgetPasswordModule,38,0,0,0,10,0,5,0,5,0
Cryptomator Desktop App,org.cryptomator.common.locationpresets,GoogleDriveLocationPresetsProvider,58,0,0,0,12,0,7,0,7,0
Cryptomator Desktop App,org.cryptomator.common.locationpresets,MegaLocationPresetsProvider,19,0,0,0,4,0,4,0,4,0
Cryptomator Desktop App,org.cryptomator.common.locationpresets,DropboxLinuxLocationPresetsProvider,55,0,4,0,10,0,7,0,5,0
Cryptomator Desktop App,org.cryptomator.common.locationpresets,LeitzcloudLocationPresetsProvider,19,0,0,0,4,0,4,0,4,0
Cryptomator Desktop App,org.cryptomator.common.locationpresets,DropboxWindowsLocationPresetsProvider,19,0,0,0,4,0,4,0,4,0
Cryptomator Desktop App,org.cryptomator.common.locationpresets,LocationPreset,9,0,0,0,1,0,1,0,1,0
Cryptomator Desktop App,org.cryptomator.common.locationpresets,PCloudLocationPresetsProvider,48,0,0,0,10,0,7,0,7,0
Cryptomator Desktop App,org.cryptomator.common.locationpresets,LocationPresetsProvider,204,0,28,0,36,0,27,0,13,0
Cryptomator Desktop App,org.cryptomator.common.locationpresets,OneDriveMacLocationPresetsProvider,76,0,2,0,14,0,9,0,8,0
Cryptomator Desktop App,org.cryptomator.common.locationpresets,ICloudWindowsLocationPresetsProvider,19,0,0,0,4,0,4,0,4,0
Cryptomator Desktop App,org.cryptomator.common.locationpresets,OneDriveLinuxLocationPresetsProvider,19,0,0,0,4,0,4,0,4,0
Cryptomator Desktop App,org.cryptomator.common.locationpresets,DropboxMacLocationPresetsProvider,52,0,8,0,9,0,8,0,4,0
Cryptomator Desktop App,org.cryptomator.common.locationpresets,OneDriveWindowsLocationPresetsProvider.CommandFailedException,15,0,0,0,5,0,1,0,1,0
Cryptomator Desktop App,org.cryptomator.common.locationpresets,ICloudMacLocationPresetsProvider,19,0,0,0,4,0,4,0,4,0
Cryptomator Desktop App,org.cryptomator.common.locationpresets,OneDriveWindowsLocationPresetsProvider,219,0,8,0,40,0,15,0,11,0
Cryptomator Desktop App,org.cryptomator.ui.dokanysupportend,DokanySupportEndController,22,0,0,0,9,0,3,0,3,0
Cryptomator Desktop App,org.cryptomator.ui.dokanysupportend,DokanySupportEndComponent,14,0,0,0,5,0,1,0,1,0
Cryptomator Desktop App,org.cryptomator.ui.dokanysupportend,DokanySupportEndModule,33,0,0,0,9,0,4,0,4,0
Cryptomator Desktop App,org.cryptomator.ui.addvaultwizard,ChooseExistingVaultController,145,0,6,0,33,0,9,0,6,0
Cryptomator Desktop App,org.cryptomator.ui.addvaultwizard,AddVaultSuccessController,37,0,0,0,12,0,5,0,5,0
Cryptomator Desktop App,org.cryptomator.ui.addvaultwizard,ReadmeGenerator,173,77,1,5,16,21,3,7,2,5
Cryptomator Desktop App,org.cryptomator.ui.addvaultwizard,CreateNewVaultPasswordController,443,0,4,0,102,0,27,0,25,0
Cryptomator Desktop App,org.cryptomator.ui.addvaultwizard,AddVaultWizardComponent,38,0,0,0,12,0,2,0,2,0
Cryptomator Desktop App,org.cryptomator.ui.addvaultwizard,CreateNewVaultLocationController.VaultPathStatus,9,0,0,0,1,0,1,0,1,0
Cryptomator Desktop App,org.cryptomator.ui.addvaultwizard,CreateNewVaultLocationController,461,0,18,0,97,0,36,0,27,0
Cryptomator Desktop App,org.cryptomator.ui.addvaultwizard,CreateNewVaultExpertSettingsController,139,0,6,0,36,0,14,0,11,0
Cryptomator Desktop App,org.cryptomator.ui.addvaultwizard,CreateNewVaultNameController,99,0,8,0,20,0,11,0,7,0
Cryptomator Desktop App,org.cryptomator.ui.addvaultwizard,CreateNewVaultRecoveryKeyController,17,0,0,0,6,0,2,0,2,0
Cryptomator Desktop App,org.cryptomator.ui.addvaultwizard,AddVaultModule,92,0,0,0,21,0,17,0,17,0
Cryptomator Desktop App,org.cryptomator.common.keychain,NoKeychainAccessProviderException,4,0,0,0,2,0,1,0,1,0
Cryptomator Desktop App,org.cryptomator.common.keychain,KeychainModule,59,0,2,0,9,0,6,0,5,0
Cryptomator Desktop App,org.cryptomator.common.keychain,KeychainManager,112,62,17,3,23,19,20,5,10,5
Cryptomator Desktop App,org.cryptomator.ui.recoverykey,RecoveryKeyDisplayController,160,0,8,0,39,0,12,0,8,0
Cryptomator Desktop App,org.cryptomator.ui.recoverykey,RecoveryKeyCreationController,114,0,2,0,31,0,9,0,8,0
Cryptomator Desktop App,org.cryptomator.ui.recoverykey,RecoveryKeyResetPasswordController.ResetPasswordTask,36,0,0,0,5,0,3,0,3,0
Cryptomator Desktop App,org.cryptomator.ui.recoverykey,RecoveryKeyModule,80,0,0,0,19,0,13,0,13,0
Cryptomator Desktop App,org.cryptomator.ui.recoverykey,RecoveryKeySuccessController,10,0,0,0,5,0,2,0,2,0
Cryptomator Desktop App,org.cryptomator.ui.recoverykey,RecoveryKeyRecoverController,34,0,0,0,12,0,6,0,6,0
Cryptomator Desktop App,org.cryptomator.ui.recoverykey,RecoveryKeyResetPasswordSuccessController,10,0,0,0,5,0,2,0,2,0
Cryptomator Desktop App,org.cryptomator.ui.recoverykey,WordEncoder,27,299,5,15,4,44,6,12,1,7
Cryptomator Desktop App,org.cryptomator.ui.recoverykey,RecoveryKeyComponent,28,0,0,0,10,0,2,0,2,0
Cryptomator Desktop App,org.cryptomator.ui.recoverykey,RecoveryKeyValidateController.RecoveryKeyState,21,0,0,0,4,0,1,0,1,0
Cryptomator Desktop App,org.cryptomator.ui.recoverykey,RecoveryKeyResetPasswordController,100,0,0,0,28,0,9,0,9,0
Cryptomator Desktop App,org.cryptomator.ui.recoverykey,AutoCompleter,9,95,3,11,0,23,3,9,0,5
Cryptomator Desktop App,org.cryptomator.ui.recoverykey,RecoveryKeyFactory,56,143,3,5,11,34,4,8,2,6
Cryptomator Desktop App,org.cryptomator.ui.recoverykey,RecoveryKeyValidateController,303,0,22,0,63,0,27,0,16,0
Cryptomator Desktop App,org.cryptomator.ui.recoverykey,RecoveryKeyCreationController.RecoveryKeyCreationTask,29,0,0,0,4,0,3,0,3,0
Cryptomator Desktop App,org.cryptomator.logging,LaunchBasedTriggeringPolicy,0,22,1,3,0,3,1,3,0,2
Cryptomator Desktop App,org.cryptomator.logging,LogbackConfigurator,136,147,7,5,33,40,8,7,3,6
Cryptomator Desktop App,org.cryptomator.logging,DebugMode,46,0,2,0,16,0,6,0,5,0
Cryptomator Desktop App,org.cryptomator.logging,LogbackConfiguratorFactory,3,2,0,0,1,1,1,1,1,1
Cryptomator Desktop App,org.cryptomator.logging,LaunchAndSizeBasedTriggeringPolicy,33,0,4,0,6,0,4,0,2,0
Cryptomator Desktop App,org.cryptomator.logging,LogbackConfiguratorFactory.new Object() {...},3,5,0,0,1,1,1,1,1,1
Cryptomator Desktop App,org.cryptomator.ui.quit,QuitForcedController,126,0,4,0,35,0,10,0,8,0
Cryptomator Desktop App,org.cryptomator.ui.quit,QuitModule,41,0,0,0,11,0,6,0,6,0
Cryptomator Desktop App,org.cryptomator.ui.quit,QuitController,122,0,4,0,33,0,10,0,8,0
Cryptomator Desktop App,org.cryptomator.ui.quit,QuitComponent,27,0,2,0,8,0,2,0,1,0
Cryptomator Desktop App,org.cryptomator.ui.migration,MigrationRunController,428,0,13,0,97,0,32,0,25,0
Cryptomator Desktop App,org.cryptomator.ui.migration,MigrationStartController,27,0,0,0,10,0,4,0,4,0
Cryptomator Desktop App,org.cryptomator.ui.migration,MigrationImpossibleController,27,0,0,0,11,0,5,0,5,0
Cryptomator Desktop App,org.cryptomator.ui.migration,MigrationCapabilityErrorController,53,0,2,0,14,0,5,0,4,0
Cryptomator Desktop App,org.cryptomator.ui.migration,MigrationSuccessController,33,0,0,0,12,0,4,0,4,0
Cryptomator Desktop App,org.cryptomator.ui.migration,MigrationModule,53,0,0,0,14,0,9,0,9,0
Cryptomator Desktop App,org.cryptomator.ui.migration,MigrationComponent,13,0,0,0,4,0,1,0,1,0
Cryptomator Desktop App,org.cryptomator.ui.traymenu,TrayMenuModule,5,0,0,0,2,0,2,0,2,0
Cryptomator Desktop App,org.cryptomator.ui.traymenu,TrayMenuComponent,27,0,6,0,6,0,6,0,3,0
Cryptomator Desktop App,org.cryptomator.ui.traymenu,TrayMenuBuilder,435,0,28,0,89,0,37,0,23,0
Cryptomator Desktop App,org.cryptomator.ui.traymenu,AwtTrayMenuController.new MouseAdapter() {...},10,0,0,0,3,0,2,0,2,0
Cryptomator Desktop App,org.cryptomator.ui.traymenu,AwtTrayMenuController,185,0,9,0,47,0,17,0,12,0
Cryptomator Desktop App,org.cryptomator.ui.health,ResultListCellFactory,28,0,0,0,7,0,2,0,2,0
Cryptomator Desktop App,org.cryptomator.ui.health,ResultListCellController,437,0,23,0,86,0,43,0,28,0
Cryptomator Desktop App,org.cryptomator.ui.health,CheckStateIconView,172,0,13,0,35,0,16,0,7,0
Cryptomator Desktop App,org.cryptomator.ui.health,CheckDetailController.FixStateStringifier,101,0,17,0,20,0,13,0,3,0
Cryptomator Desktop App,org.cryptomator.ui.health,StartController,186,0,13,0,50,0,15,0,8,0
Cryptomator Desktop App,org.cryptomator.ui.health,Check.CheckState,45,0,0,0,8,0,1,0,1,0
Cryptomator Desktop App,org.cryptomator.ui.health,CheckListCellFactory,28,0,0,0,7,0,2,0,2,0
Cryptomator Desktop App,org.cryptomator.ui.health,CheckListController,244,0,14,0,50,0,29,0,22,0
Cryptomator Desktop App,org.cryptomator.ui.health,ReportWriter,202,0,11,0,34,0,13,0,6,0
Cryptomator Desktop App,org.cryptomator.ui.health,ResultFixApplier,127,0,4,0,28,0,10,0,8,0
Cryptomator Desktop App,org.cryptomator.ui.health,StartController.LoadingFailedException,4,0,0,0,2,0,1,0,1,0
Cryptomator Desktop App,org.cryptomator.ui.health,HealthCheckModule,116,0,2,0,26,0,14,0,13,0
Cryptomator Desktop App,org.cryptomator.ui.health,CheckListCellFactory.Cell,36,0,4,0,12,0,4,0,2,0
Cryptomator Desktop App,org.cryptomator.ui.health,HealthCheckComponent,13,0,0,0,4,0,1,0,1,0
Cryptomator Desktop App,org.cryptomator.ui.health,ResultListCellFactory.Cell,36,0,4,0,12,0,4,0,2,0
Cryptomator Desktop App,org.cryptomator.ui.health,Result,54,0,0,0,8,0,7,0,7,0
Cryptomator Desktop App,org.cryptomator.ui.health,CheckDetailController.SeverityStringifier,85,0,14,0,17,0,11,0,3,0
Cryptomator Desktop App,org.cryptomator.ui.health,Result.FixState,33,0,0,0,6,0,1,0,1,0
Cryptomator Desktop App,org.cryptomator.ui.health,Check,128,0,0,0,28,0,17,0,17,0
Cryptomator Desktop App,org.cryptomator.ui.health,CheckExecutor.CheckTask,114,0,0,0,23,0,9,0,9,0
Cryptomator Desktop App,org.cryptomator.ui.health,ResultFixApplier.FixFailedException,4,0,0,0,2,0,1,0,1,0
Cryptomator Desktop App,org.cryptomator.ui.health,CheckListCellController,84,0,4,0,20,0,12,0,10,0
Cryptomator Desktop App,org.cryptomator.ui.health,CheckExecutor,69,0,2,0,18,0,5,0,4,0
Cryptomator Desktop App,org.cryptomator.ui.health,CheckDetailController,527,0,24,0,83,0,52,0,40,0
Cryptomator Desktop App,org.cryptomator.ui.convertvault,ConvertVaultModule,66,0,0,0,17,0,10,0,10,0
Cryptomator Desktop App,org.cryptomator.ui.convertvault,HubToPasswordSuccessController,20,0,0,0,8,0,3,0,3,0
Cryptomator Desktop App,org.cryptomator.ui.convertvault,HubToPasswordConvertController,157,201,11,1,23,45,14,5,8,5
Cryptomator Desktop App,org.cryptomator.ui.convertvault,ConvertVaultComponent,14,0,0,0,5,0,1,0,1,0
Cryptomator Desktop App,org.cryptomator.ui.convertvault,HubToPasswordStartController,25,0,0,0,10,0,5,0,5,0
Cryptomator Desktop App,org.cryptomator.ui.changepassword,NewPasswordController,217,0,8,0,31,0,15,0,11,0
Cryptomator Desktop App,org.cryptomator.ui.changepassword,ChangePasswordController,204,0,4,0,47,0,10,0,8,0
Cryptomator Desktop App,org.cryptomator.ui.changepassword,PasswordStrengthUtil,45,41,8,2,7,9,7,3,2,3
Cryptomator Desktop App,org.cryptomator.ui.changepassword,ChangePasswordComponent,12,0,0,0,4,0,1,0,1,0
Cryptomator Desktop App,org.cryptomator.ui.changepassword,ChangePasswordModule,39,0,0,0,10,0,5,0,5,0
Cryptomator Desktop App,org.cryptomator.ui.updatereminder,UpdateReminderController,35,0,0,0,14,0,4,0,4,0
Cryptomator Desktop App,org.cryptomator.ui.updatereminder,UpdateReminderModule,33,0,0,0,9,0,4,0,4,0
Cryptomator Desktop App,org.cryptomator.ui.updatereminder,UpdateReminderComponent,33,0,4,0,7,0,3,0,1,0
Cryptomator Desktop App,org.cryptomator.ui.unlock,UnlockRequiresRestartController,47,0,0,0,13,0,4,0,4,0
Cryptomator Desktop App,org.cryptomator.ui.unlock,UnlockSuccessController,132,0,4,0,37,0,13,0,11,0
Cryptomator Desktop App,org.cryptomator.ui.unlock,UnlockModule,58,0,2,0,15,0,9,0,8,0
Cryptomator Desktop App,org.cryptomator.ui.unlock,UnlockInvalidMountPointController.ButtonAction,15,0,0,0,3,0,1,0,1,0
Cryptomator Desktop App,org.cryptomator.ui.unlock,UnlockWorkflow,313,0,9,0,71,0,18,0,12,0
Cryptomator Desktop App,org.cryptomator.ui.unlock,UnlockInvalidMountPointController,206,0,13,0,40,0,30,0,21,0
Cryptomator Desktop App,org.cryptomator.ui.unlock,UnlockCancelledException,9,0,0,0,4,0,2,0,2,0
Cryptomator Desktop App,org.cryptomator.ui.unlock,UnlockInvalidMountPointController.ExceptionType,70,0,0,0,12,0,2,0,2,0
Cryptomator Desktop App,org.cryptomator.ui.mainwindow,VaultDetailMissingVaultController,80,0,2,0,18,0,5,0,4,0
Cryptomator Desktop App,org.cryptomator.ui.mainwindow,VaultDetailUnlockedController,469,0,28,0,101,0,47,0,33,0
Cryptomator Desktop App,org.cryptomator.ui.mainwindow,MainWindowComponent,20,0,0,0,7,0,1,0,1,0
Cryptomator Desktop App,org.cryptomator.ui.mainwindow,MainWindowModule,51,0,0,0,15,0,6,0,6,0
Cryptomator Desktop App,org.cryptomator.ui.mainwindow,VaultDetailUnknownErrorController,45,0,0,0,12,0,4,0,4,0
Cryptomator Desktop App,org.cryptomator.ui.mainwindow,MainWindowTitleController,253,0,14,0,63,0,30,0,23,0
Cryptomator Desktop App,org.cryptomator.ui.mainwindow,VaultListCellFactory,28,0,0,0,7,0,2,0,2,0
Cryptomator Desktop App,org.cryptomator.ui.mainwindow,VaultListCellFactory.Cell,34,0,2,0,12,0,3,0,2,0
Cryptomator Desktop App,org.cryptomator.ui.mainwindow,VaultDetailLockedController,103,0,4,0,22,0,12,0,10,0
Cryptomator Desktop App,org.cryptomator.ui.mainwindow,WelcomeController,31,0,0,0,10,0,5,0,5,0
Cryptomator Desktop App,org.cryptomator.ui.mainwindow,MainWindowSceneFactory,89,0,2,0,12,0,4,0,3,0
Cryptomator Desktop App,org.cryptomator.ui.mainwindow,VaultDetailNeedsMigrationController,20,0,0,0,6,0,2,0,2,0
Cryptomator Desktop App,org.cryptomator.ui.mainwindow,VaultListContextMenuController,197,0,0,0,38,0,15,0,15,0
Cryptomator Desktop App,org.cryptomator.ui.mainwindow,VaultListController,459,0,54,0,110,0,50,0,23,0
Cryptomator Desktop App,org.cryptomator.ui.mainwindow,MainWindowController,42,0,4,0,14,0,6,0,4,0
Cryptomator Desktop App,org.cryptomator.ui.mainwindow,VaultDetailController,103,0,6,0,26,0,15,0,11,0
Cryptomator Desktop App,org.cryptomator.ui.mainwindow,ResizeController,474,0,44,0,86,0,41,0,19,0
Cryptomator Desktop App,org.cryptomator.ui.mainwindow,VaultListCellController,85,0,6,0,22,0,13,0,9,0
Cryptomator Desktop App,org.cryptomator.ui.common,Tasks.ErrorHandler,25,0,0,0,8,0,3,0,3,0
Cryptomator Desktop App,org.cryptomator.ui.common,Tasks.TaskImpl,60,0,0,0,18,0,7,0,7,0
Cryptomator Desktop App,org.cryptomator.ui.common,VaultService.LockVaultTask,62,0,0,0,15,0,7,0,7,0
Cryptomator Desktop App,org.cryptomator.ui.common,FontLoader.FontLoaderException,11,0,0,0,4,0,2,0,2,0
Cryptomator Desktop App,org.cryptomator.ui.common,Tasks,20,0,0,0,6,0,5,0,5,0
Cryptomator Desktop App,org.cryptomator.ui.common,DefaultSceneFactory,94,0,4,0,21,0,9,0,7,0
Cryptomator Desktop App,org.cryptomator.ui.common,FxmlLoaderFactory,97,0,2,0,21,0,9,0,8,0
Cryptomator Desktop App,org.cryptomator.ui.common,VaultService.RevealVaultTask,57,0,3,0,10,0,5,0,3,0
Cryptomator Desktop App,org.cryptomator.ui.common,FxmlFile,3,396,0,0,1,59,1,2,1,2
Cryptomator Desktop App,org.cryptomator.ui.common,FontLoader,49,0,4,0,13,0,6,0,4,0
Cryptomator Desktop App,org.cryptomator.ui.common,VaultService,160,0,0,0,26,0,15,0,15,0
Cryptomator Desktop App,org.cryptomator.ui.common,AutoAnimator,48,0,2,0,18,0,6,0,5,0
Cryptomator Desktop App,org.cryptomator.ui.common,AutoAnimator.Builder,47,0,0,0,13,0,7,0,7,0
Cryptomator Desktop App,org.cryptomator.ui.common,Animations.new WritableValue() {...},17,0,0,0,4,0,3,0,3,0
Cryptomator Desktop App,org.cryptomator.ui.common,WeakBindings,23,0,0,0,5,0,5,0,5,0
Cryptomator Desktop App,org.cryptomator.ui.common,Animations,241,0,0,0,20,0,6,0,6,0
Cryptomator Desktop App,org.cryptomator.ui.common,StageInitializer,31,0,2,0,7,0,3,0,2,0
Cryptomator Desktop App,org.cryptomator.ui.common,VaultService.WaitForTasksTask,55,0,4,0,16,0,5,0,3,0
Cryptomator Desktop App,org.cryptomator.ui.common,StageFactory,17,0,0,0,6,0,2,0,2,0
Cryptomator Desktop App,org.cryptomator.ui.common,WeakBindings.new DoubleBinding() {...},21,0,0,0,3,0,2,0,2,0
Cryptomator Desktop App,org.cryptomator.ui.common,WeakBindings.new IntegerBinding() {...},21,0,0,0,3,0,2,0,2,0
Cryptomator Desktop App,org.cryptomator.ui.common,WeakBindings.new StringBinding() {...},20,0,0,0,3,0,2,0,2,0
Cryptomator Desktop App,org.cryptomator.ui.common,WeakBindings.new LongBinding() {...},21,0,0,0,3,0,2,0,2,0
Cryptomator Desktop App,org.cryptomator.ui.common,Tasks.RestartingService,21,0,0,0,5,0,3,0,3,0
Cryptomator Desktop App,org.cryptomator.ui.common,Tasks.TaskBuilder,104,0,0,0,30,0,12,0,12,0
Cryptomator Desktop App,org.cryptomator.common.settings,Settings,199,418,18,7,41,74,14,8,1,8
Cryptomator Desktop App,org.cryptomator.common.settings,SettingsProvider,244,0,6,0,54,0,13,0,10,0
Cryptomator Desktop App,org.cryptomator.common.settings,SettingsJson,0,51,0,0,0,18,0,1,0,1
Cryptomator Desktop App,org.cryptomator.common.settings,DeviceKey.DeviceKeyRetrievalException,9,0,0,0,4,0,2,0,2,0
Cryptomator Desktop App,org.cryptomator.common.settings,WhenUnlocked,3,32,0,0,1,7,1,2,1,2
Cryptomator Desktop App,org.cryptomator.common.settings,VaultSettings,167,282,13,9,26,34,13,9,4,7
Cryptomator Desktop App,org.cryptomator.common.settings,UiTheme,20,32,4,0,4,7,4,2,2,2
Cryptomator Desktop App,org.cryptomator.common.settings,DeviceKey,152,0,8,0,35,0,12,0,8,0
Cryptomator Desktop App,org.cryptomator.common.settings,VaultSettingsJson,0,30,0,0,0,10,0,1,0,1
Cryptomator Desktop App,org.cryptomator.ui.keyloading,KeyLoadingModule,38,0,0,0,7,0,4,0,4,0
Cryptomator Desktop App,org.cryptomator.ui.keyloading,KeyLoadingStrategy,52,0,4,0,17,0,8,0,6,0
Cryptomator Desktop App,org.cryptomator.ui.vaultoptions,SelectedVaultOptionsTab,33,0,0,0,6,0,1,0,1,0
Cryptomator Desktop App,org.cryptomator.ui.vaultoptions,VaultOptionsController,143,0,10,0,35,0,16,0,10,0
Cryptomator Desktop App,org.cryptomator.ui.vaultoptions,MountOptionsController,731,0,58,0,126,0,69,0,40,0
Cryptomator Desktop App,org.cryptomator.ui.vaultoptions,VaultOptionsComponent,19,0,0,0,6,0,1,0,1,0
Cryptomator Desktop App,org.cryptomator.ui.vaultoptions,GeneralVaultOptionsController.WhenUnlockedConverter,16,0,0,0,5,0,3,0,3,0
Cryptomator Desktop App,org.cryptomator.ui.vaultoptions,MountOptionsController.MountServiceConverter,33,0,2,0,5,0,4,0,3,0
Cryptomator Desktop App,org.cryptomator.ui.vaultoptions,VaultOptionsModule,43,0,0,0,12,0,5,0,5,0
Cryptomator Desktop App,org.cryptomator.ui.vaultoptions,HubOptionsController,21,0,0,0,7,0,2,0,2,0
Cryptomator Desktop App,org.cryptomator.ui.vaultoptions,GeneralVaultOptionsController,128,0,6,0,25,0,8,0,5,0
Cryptomator Desktop App,org.cryptomator.ui.vaultoptions,GeneralVaultOptionsController.IdleTimeSecondsConverter,21,0,0,0,6,0,2,0,2,0
Cryptomator Desktop App,org.cryptomator.ui.vaultoptions,MountOptionsController.WinDriveLetterLabelConverter,47,0,6,0,12,0,6,0,3,0
Cryptomator Desktop App,org.cryptomator.ui.vaultoptions,MasterkeyOptionsController,106,0,6,0,23,0,11,0,8,0
Cryptomator Desktop App,org.cryptomator.common.vaults,VaultListModule,6,0,0,0,2,0,2,0,2,0
Cryptomator Desktop App,org.cryptomator.common.vaults,VaultConfigCache,61,0,2,0,19,0,6,0,5,0
Cryptomator Desktop App,org.cryptomator.common.vaults,VaultListChangeListener,44,0,6,0,12,0,5,0,2,0
Cryptomator Desktop App,org.cryptomator.common.vaults,VaultStats.UpdateStatsService,39,0,2,0,9,0,6,0,5,0
Cryptomator Desktop App,org.cryptomator.common.vaults,VaultState,127,0,12,0,35,0,16,0,10,0
Cryptomator Desktop App,org.cryptomator.common.vaults,VaultStats,436,0,10,0,85,0,40,0,35,0
Cryptomator Desktop App,org.cryptomator.common.vaults,VaultModule,16,0,0,0,4,0,4,0,4,0
Cryptomator Desktop App,org.cryptomator.common.vaults,AutoLocker,89,0,4,0,25,0,9,0,7,0
Cryptomator Desktop App,org.cryptomator.common.vaults,VaultListManager,295,0,27,0,68,0,26,0,12,0
Cryptomator Desktop App,org.cryptomator.common.vaults,VaultStats.UpdateStatsService.new Task() {...},16,0,0,0,2,0,2,0,2,0
Cryptomator Desktop App,org.cryptomator.common.vaults,VaultState.Value,39,0,0,0,7,0,1,0,1,0
Cryptomator Desktop App,org.cryptomator.common.vaults,Vault,721,9,60,0,163,2,76,1,46,1
Cryptomator Desktop App,org.cryptomator.ui.controls,DraggableListCell,275,0,40,0,67,0,28,0,8,0
Cryptomator Desktop App,org.cryptomator.ui.controls,PasswordStrengthIndicator,266,0,0,0,44,0,4,0,4,0
Cryptomator Desktop App,org.cryptomator.ui.controls,NumericTextField,24,0,2,0,5,0,4,0,3,0
Cryptomator Desktop App,org.cryptomator.ui.controls,FormattedLabel,130,0,0,0,25,0,15,0,15,0
Cryptomator Desktop App,org.cryptomator.ui.controls,DataLabel,216,0,6,0,39,0,21,0,18,0
Cryptomator Desktop App,org.cryptomator.ui.controls,FontAwesome5Spinner,47,0,0,0,13,0,5,0,5,0
Cryptomator Desktop App,org.cryptomator.ui.controls,AlphanumericTextField,24,0,2,0,5,0,4,0,3,0
Cryptomator Desktop App,org.cryptomator.ui.controls,FontAwesome5Icon,385,0,0,0,58,0,3,0,3,0
Cryptomator Desktop App,org.cryptomator.ui.controls,SecurePasswordField,133,276,17,13,38,66,23,20,14,14
Cryptomator Desktop App,org.cryptomator.ui.controls,NiceSecurePasswordField,246,0,0,0,50,0,11,0,11,0
Cryptomator Desktop App,org.cryptomator.ui.controls,ThroughputLabel,166,0,4,0,32,0,17,0,15,0
Cryptomator Desktop App,org.cryptomator.ui.controls,FormattedString,77,0,0,0,16,0,10,0,10,0
Cryptomator Desktop App,org.cryptomator.ui.controls,FontAwesome5IconView,109,0,4,0,28,0,12,0,10,0
Cryptomator Desktop App,org.cryptomator.ui.wrongfilealert,WrongFileAlertModule,33,0,0,0,9,0,4,0,4,0
Cryptomator Desktop App,org.cryptomator.ui.wrongfilealert,WrongFileAlertComponent,14,0,0,0,5,0,1,0,1,0
Cryptomator Desktop App,org.cryptomator.ui.wrongfilealert,WrongFileAlertController,47,0,2,0,16,0,6,0,5,0
Cryptomator Desktop App,org.cryptomator.ui.keyloading.masterkeyfile,ChooseMasterkeyFileController,86,0,2,0,22,0,7,0,6,0
Cryptomator Desktop App,org.cryptomator.ui.keyloading.masterkeyfile,PassphraseEntryModule,11,0,0,0,2,0,2,0,2,0
Cryptomator Desktop App,org.cryptomator.ui.keyloading.masterkeyfile,MasterkeyFileLoadingStrategy,333,0,22,0,82,0,20,0,9,0
Cryptomator Desktop App,org.cryptomator.ui.keyloading.masterkeyfile,PassphraseEntryController,597,0,10,0,87,0,26,0,21,0
Cryptomator Desktop App,org.cryptomator.ui.keyloading.masterkeyfile,PassphraseEntryResult,9,0,0,0,1,0,1,0,1,0
Cryptomator Desktop App,org.cryptomator.ui.keyloading.masterkeyfile,ChooseMasterkeyFileModule,11,0,0,0,2,0,2,0,2,0
Cryptomator Desktop App,org.cryptomator.ui.keyloading.masterkeyfile,MasterkeyFileLoadingModule,22,0,4,0,6,0,3,0,1,0
